task_name,episode_idx,video_file,category_id,category_name,reasoning
libero_10_0,0,eval_episode_0.mp4,3,Placement precision error,"The robot successfully grasped the correct object (the can) and moved it towards the target basket. However, it failed to place the object accurately inside the basket, causing it to fall outside upon release."
libero_10_0,2,eval_episode_2.mp4,2,Grasp pose error,"The robot successfully grasped the correct object (blue/green can) but dropped it immediately upon lifting, failing to maintain a secure hold."
libero_10_0,3,eval_episode_3.mp4,1,Wrong object attention,"The robot successfully picked up and placed the milk carton into the basket. Since the task is stated to have failed, it implies that the milk carton was the wrong object to interact with for 'Task ID: libero_10_0'."
libero_10_0,4,eval_episode_4.mp4,2,Grasp pose error,"The robot attempted to grasp the tall milk carton but failed to secure it, as the gripper moved away empty while the carton remained on the table. It then moved to attempt grasping another object."
libero_10_0,5,eval_episode_5.mp4,2,Grasp pose error,"The robot successfully reached and attempted to grasp the correct object (the can). However, it failed to maintain the grasp, and the object slipped and dropped immediately upon lifting."
libero_10_0,6,eval_episode_6.mp4,3,Placement precision error,"The robot successfully grasped the blue bottle but then placed it on the table instead of the basket, indicating a failure to place the object in the correct target location."
libero_10_0,7,eval_episode_7.mp4,1,Wrong object attention,"The robot first picked up the tall box and placed it into the basket, then proceeded to pick up a can. Based on common interpretations of 'libero_10_0' tasks, the intended object is often a blue bottle, which the robot did not interact with."
libero_10_0,8,eval_episode_8.mp4,3,Placement precision error,"The robot successfully grasped the orange can, which is likely the correct object for 'libero_10_0'. However, it placed the object into the basket. Since the task failed, this indicates the basket was not the intended placement location for the orange can."
libero_10_0,9,eval_episode_9.mp4,1,Wrong object attention,"The robot successfully grasped and placed the milk carton into the basket. Since the task failed despite this seemingly successful action, it is inferred that the milk carton was the wrong object to interact with for the given task."
libero_10_1,3,eval_episode_3.mp4,1,Wrong object attention,"The robot picked up the brown/orange box on the far right of the table, instead of one of the blue boxes, assuming the task 'libero_10_1' involves picking up a blue box and placing it into the basket."
libero_10_1,4,eval_episode_4.mp4,3,Placement precision error,"The robot successfully grasped the tall rectangular object and moved it towards the basket. However, it failed to place the object inside the basket, dropping it on the table next to the basket instead."
libero_10_1,6,eval_episode_6.mp4,3,Placement precision error,"The robot successfully grasped the small blue box. However, while transporting the object, it opened its gripper and dropped the box before reaching the presumed target location (the basket)."
libero_10_2,0,eval_episode_0.mp4,2,Grasp pose error,"The robot correctly identifies the moka pot as the target object and attempts to grasp it. However, it fails to secure the grasp and moves away without picking up the object."
libero_10_2,4,eval_episode_4.mp4,1,Wrong object attention,"The robot initially moved towards the moka pot, which was likely the intended object to grasp. However, it then shifted its attention and pressed the hot plate instead of grasping the moka pot, failing to interact with the correct object for the next step."
libero_10_2,5,eval_episode_5.mp4,5,Other/Unknown,"The robot successfully turned on the hot plate, indicated by the blue light. However, it then moved its arm away without proceeding to grasp the moka pot, failing to complete the overall task sequence."
libero_10_2,7,eval_episode_7.mp4,1,Wrong object attention,"The robot successfully grasped and placed an object (the moka pot) onto the hot plate. Since the task failed, and the hot plate was highlighted (suggesting it was the correct target placement location), the robot must have picked up the wrong object for the task, likely intending to move the frying pan instead."
libero_10_2,8,eval_episode_8.mp4,5,Other/Unknown,"The robot successfully interacted with the hot plate, turning it on as indicated by the blue glow. However, the task failed, suggesting that turning on the hot plate was either not the complete task or the policy prematurely terminated without completing subsequent necessary steps, which does not fit the other defined failure categories."
libero_10_2,9,eval_episode_9.mp4,1,Wrong object attention,The task is to place the moka pot on the hot plate. The robot ignored the moka pot and instead attempted to grasp and manipulate the knob of the hot plate.
libero_10_3,5,eval_episode_5.mp4,3,Placement precision error,"The robot successfully grasped the bowl but then placed it inside the open drawer, which is an incorrect target placement location for the task."
libero_10_4,0,eval_episode_0.mp4,1,Wrong object attention,"The robot successfully grasped and placed a mug on a plate. However, assuming the task 'libero_10_4' refers to placing the blue mug, the robot incorrectly interacted with the grey mug instead."
libero_10_4,1,eval_episode_1.mp4,2,Grasp pose error,"The robot initially approached the grey mug and attempted to grasp it (frame 5). However, it failed to secure the grasp, as the grey mug remained on the table while the robot subsequently picked up the teal mug (frame 6)."
libero_10_4,2,eval_episode_2.mp4,2,Grasp pose error,"The robot reached the correct object (the blue/purple mug) but failed to successfully grasp it. The gripper closed, but the mug remained on the table."
libero_10_4,3,eval_episode_3.mp4,2,Grasp pose error,"The robot arm approached the teal mug and attempted to grasp it, but the gripper closed without successfully lifting the mug, which remained on the table as the arm retracted."
libero_10_4,4,eval_episode_4.mp4,1,Wrong object attention,"The robot initially positioned itself above the blue patterned mug, suggesting it was the intended target. However, it then moved to and successfully grasped the grey mug instead, indicating it focused on the wrong object."
libero_10_4,5,eval_episode_5.mp4,1,Wrong object attention,"The task was to pick up 'the gray mug' and place it on the right plate. The robot picked up the textured gray mug instead of the plain gray mug with the light blue handle, which was likely the intended target."
libero_10_4,6,eval_episode_6.mp4,1,Wrong object attention,"The robot initially approaches the blue patterned mug, then moves towards the grey textured mug, and finally attempts to grasp the teal/grey mug, indicating it is confused about which object to interact with."
libero_10_4,7,eval_episode_7.mp4,3,Placement precision error,"The robot successfully grasped the light blue mug. However, while lifting the mug, its trajectory caused it to collide with the plate on the left, indicating a lack of precision during the transport phase of the task."
libero_10_4,8,eval_episode_8.mp4,1,Wrong object attention,"The robot successfully grasped and lifted the grey mug. However, without the specific task goal for 'libero_10_4', it is plausible that the grey mug was the wrong object to interact with, leading to the task failure."
libero_10_4,9,eval_episode_9.mp4,1,Wrong object attention,"The robot was likely instructed to interact with the blue mug (middle mug), but instead, it grasped and moved the grey mug on the right. This indicates a failure in attending to the correct object for the task."
libero_10_5,7,eval_episode_7.mp4,3,Placement precision error,"The robot successfully grasped the book, which is the correct object for the task. However, it placed the book into the leftmost compartment of the organizer, implying it may have missed the intended target compartment within the organizer."
libero_10_6,0,eval_episode_0.mp4,3,Placement precision error,"The robot grasped the grey mug (along with the plate) and lifted it. However, while transporting the objects, the grey mug fell off the plate and landed on the table, indicating a drop en route."
libero_10_6,2,eval_episode_2.mp4,3,Placement precision error,"The robot successfully grasped the grey mug. However, it then placed the mug on top of the blue mug, missing the intended target placement location."
libero_10_6,5,eval_episode_5.mp4,3,Placement precision error,"The robot successfully grasped the grey mug but then placed it on top of the blue mug, indicating an incorrect target placement location."
libero_10_6,8,eval_episode_8.mp4,1,Wrong object attention,"The task 'libero_10_6' is to 'place the blue mug on the grey mug, then place the grey mug on the plate'. The robot incorrectly first grasped the grey mug and placed it on the plate, instead of grasping the blue mug to place it on the grey mug."
libero_10_7,1,eval_episode_1.mp4,1,Wrong object attention,"The robot first attempted to grasp and successfully grasped the orange/blue can (frames 2-4), which is the wrong object for the task 'pick up the block and place it in the basket'."
libero_10_7,2,eval_episode_2.mp4,1,Wrong object attention,"The robot first placed a blue bottle on the table, then proceeded to pick up a blue/green can. If the task was to place the blue bottle in a specific location (e.g., the basket), then interacting with and picking up the can indicates the robot's attention shifted to the wrong object."
libero_10_7,3,eval_episode_3.mp4,5,Other/Unknown,The provided frames show the robot successfully picking up the first object (a can) and placing it into the basket. The sequence ends with the robot moving towards the second object (a small brown block) without depicting any failure event.
libero_10_7,5,eval_episode_5.mp4,5,Other/Unknown,"The robot successfully picked up the first object (orange/blue can) and placed it into the basket. It then correctly moved towards the next object (brown block), but the task failed, indicating it did not complete all required steps or failed at an unobserved subsequent action."
libero_10_7,8,eval_episode_8.mp4,2,Grasp pose error,"The robot successfully grasped the blue/orange can, but then dropped it immediately after lifting, as evidenced by the can disappearing from the gripper and a new object appearing on the table."
libero_10_8,0,eval_episode_0.mp4,2,Grasp pose error,"The robot approached the hot plate, then moved to a coffee pot. It positioned its gripper over the coffee pot but did not close the gripper or successfully grasp the object before retracting, indicating a failure in the grasping phase."
libero_10_8,1,eval_episode_1.mp4,1,Wrong object attention,"The robot completely ignored the moka pots and instead focused its attention on the hot plate's handle, attempting to interact with it. If the task involved the moka pots (e.g., placing one on the hot plate), then the robot's initial focus was on the wrong object."
libero_10_8,2,eval_episode_2.mp4,3,Placement precision error,"The robot successfully grasped the moka pot and moved it towards the stove, but ultimately placed it next to the stove instead of on top of it, indicating a placement precision error."
libero_10_8,3,eval_episode_3.mp4,2,Grasp pose error,"The robot attempted to grasp one of the coffee makers, but the gripper closed without successfully picking up the object, which remained on the table."
libero_10_8,4,eval_episode_4.mp4,2,Grasp pose error,"The robot correctly approached one of the moka pots but failed to secure a stable grasp, causing the object to be dropped immediately after being lifted."
libero_10_8,5,eval_episode_5.mp4,2,Grasp pose error,"The robot correctly identified and approached one of the moka pots but failed to achieve a successful grasp, leaving the object on the table after attempting to close its gripper."
libero_10_8,6,eval_episode_6.mp4,2,Grasp pose error,"The robot correctly approached one of the moka pots but failed to successfully grasp it. The gripper closed around the object, but the moka pot remained on the table as the robot retracted its arm."
libero_10_8,7,eval_episode_7.mp4,2,Grasp pose error,"The robot correctly approached one of the moka pots, but its grasp was unstable, causing the object to tilt and slip as it attempted to lift it."
libero_10_8,8,eval_episode_8.mp4,2,Grasp pose error,"The robot correctly approached one of the moka pots and attempted to grasp it by the handle. However, the moka pot was not successfully lifted and remained on the table, indicating a failure to secure the grasp or an immediate drop upon lifting."
libero_10_8,9,eval_episode_9.mp4,2,Grasp pose error,"The robot repeatedly attempts to grasp the correct coffee pot, but the gripper closes without successfully securing the object, leaving it on the table."
libero_10_9,0,eval_episode_0.mp4,2,Grasp pose error,"The robot correctly identified and approached the target mug. However, it failed to successfully grasp the mug, as the gripper closed without securing the object, leaving the mug on the table."
libero_10_9,1,eval_episode_1.mp4,2,Grasp pose error,"The robot correctly identified and approached the target mug (highlighted in blue). However, it failed to establish a successful grasp, making contact with the mug but not picking it up before retracting."
libero_10_9,5,eval_episode_5.mp4,2,Grasp pose error,"The robot correctly identified and approached the highlighted mug but failed to establish a successful grasp, moving away without lifting or relocating the object."
libero_10_9,6,eval_episode_6.mp4,3,Placement precision error,"The robot successfully grasped the correct object (the blue mug) but collided with the open microwave door while attempting to place it inside the microwave, preventing successful placement."
libero_10_9,9,eval_episode_9.mp4,3,Placement precision error,"The robot successfully grasped the correct mug and moved it towards the cabinet. However, it failed to place the mug upright inside the cabinet, instead dropping it on its side."
libero_10_0,1,eval_episode_1.mp4,1,Wrong object attention,"The robot successfully grasped and placed an object (the blue carton) into the basket. However, since the task is stated to have failed, the most plausible explanation is that the robot picked up the wrong object for the given task."
libero_10_0,2,eval_episode_2.mp4,3,Placement precision error,"The robot successfully grasped the blue bottle and lifted it, but then dropped the object on the table before reaching the target placement location. This resulted in the object not being placed correctly."
libero_10_0,3,eval_episode_3.mp4,1,Wrong object attention,"The robot successfully grasped and placed two objects (milk carton, then a blue/green can) into the basket. Since the task ultimately failed despite successful manipulation, it is highly probable that the robot interacted with objects that were not the intended targets for the task's objective or not in the correct sequence."
libero_10_0,5,eval_episode_5.mp4,1,Wrong object attention,"The robot successfully grasped and placed a blue bottle into the basket. Since the task is indicated as failed, the robot must have picked the wrong object for the 'libero_10_0' task."
libero_10_0,7,eval_episode_7.mp4,1,Wrong object attention,"The robot picked up the orange/blue can and placed it in the basket, instead of the green/blue can which is typically the target object for 'libero_10_0'."
libero_10_0,8,eval_episode_8.mp4,3,Placement precision error,"The robot successfully grasped the correct object (the blue can) and lifted it. Since the task involves placing the object into a basket, and the episode failed after a successful grasp, the failure must have occurred during the placement phase, where the robot likely missed the target basket or dropped the object en route."
libero_10_0,9,eval_episode_9.mp4,3,Placement precision error,"The robot successfully grasped the milk carton and lifted it. However, it dropped the object before reaching the target placement location (the basket), indicating a failure in transporting the object to its destination."
libero_10_1,0,eval_episode_0.mp4,3,Placement precision error,"The robot successfully grasped the target object (small blue box) and lifted it. Since the task failed, and the grasp was successful, the failure must have occurred during the subsequent placement phase, which is not shown in the provided frames."
libero_10_1,2,eval_episode_2.mp4,3,Placement precision error,"The robot successfully grasped the small blue box and moved it towards the basket, but failed to place it inside the basket, dropping it outside instead."
libero_10_1,3,eval_episode_3.mp4,2,Grasp pose error,"The robot successfully grasped a small rectangular object and lifted it, but then immediately dropped it back onto the table before attempting to move it to a target location."
libero_10_1,4,eval_episode_4.mp4,2,Grasp pose error,"The robot successfully grasped the small blue box but then dropped it immediately after lifting, as seen by the object no longer being in the gripper in subsequent frames."
libero_10_1,5,eval_episode_5.mp4,3,Placement precision error,"The robot successfully grasped the small blue box but then placed it on the table next to the basket (Frame 4) instead of inside the basket, indicating a failure to reach the target placement location."
libero_10_2,1,eval_episode_1.mp4,2,Grasp pose error,"The robot's gripper moved into the coffee pot, indicating an incorrect grasp attempt. It failed to successfully grasp the object before it could attempt to move or place it."
libero_10_2,3,eval_episode_3.mp4,2,Grasp pose error,"The robot correctly identified the moka pot and moved its gripper above it. However, the gripper did not close around the object, failing to grasp it before moving away."
libero_10_2,4,eval_episode_4.mp4,2,Grasp pose error,"The robot correctly approached the moka pot, which is the target object for grasping, but failed to close its gripper and lift it. Instead, it moved away from the object without grasping."
libero_10_2,5,eval_episode_5.mp4,2,Grasp pose error,"The robot approached the moka pot, which is likely the target object, but failed to grasp it. The arm moved away without ever closing its gripper on the object."
libero_10_2,7,eval_episode_7.mp4,5,Other/Unknown,"The robot successfully approached the hot plate and activated it (indicated by the blue light). Since the task is marked as failed, the failure must be due to an uncompleted subsequent step or a broader task objective not met, which is not evident in these frames."
libero_10_2,8,eval_episode_8.mp4,1,Wrong object attention,"The task 'libero_10_2' is to place the coffee pot on the hot plate. However, the robot grasps and manipulates the knob of the hot plate instead of the coffee pot."
libero_10_3,0,eval_episode_0.mp4,3,Placement precision error,"The robot successfully grasped the bowl and moved it towards the open drawer. However, it failed to precisely place the bowl fully inside the drawer, leaving it partially hanging out as the arm retracted."
libero_10_3,4,eval_episode_4.mp4,3,Placement precision error,"The robot successfully grasped the bowl, indicating it correctly identified the object to be manipulated. However, it then placed the bowl inside the drawer, implying the drawer was not the intended target placement location for the task."
libero_10_4,0,eval_episode_0.mp4,3,Placement precision error,"The robot successfully grasped the blue mug. However, it placed the mug on the left plate, which was likely not the correct target placement location for the task, indicating a placement error."
libero_10_4,1,eval_episode_1.mp4,1,Wrong object attention,"The robot initially approached the blue mug, but then its gripper closed around the teal mug instead. It then attempted to lift the teal mug, which it subsequently dropped, indicating it interacted with the wrong object."
libero_10_4,2,eval_episode_2.mp4,2,Grasp pose error,"The robot attempted to grasp the blue and white mug but failed to secure it, causing the mug to fall over onto its side. The gripper is empty after the interaction."
libero_10_4,3,eval_episode_3.mp4,3,Placement precision error,"The robot successfully grasped the blue patterned mug but failed to place it accurately on the target plate, leaving it partially off the plate."
libero_10_4,4,eval_episode_4.mp4,3,Placement precision error,"The robot successfully grasped the grey mug and moved it towards the plate. However, it failed to precisely place the mug on the plate, resulting in an imprecise placement or drop."
libero_10_4,5,eval_episode_5.mp4,2,Grasp pose error,"The robot successfully grasped the blue and teal mug, but then immediately dropped it after lifting, failing to maintain the grasp."
libero_10_4,6,eval_episode_6.mp4,1,Wrong object attention,"The task 'libero_10_4' typically involves picking up a blue mug. However, the robot initially moved towards and attempted to grasp the grey mug, indicating it focused on the wrong object."
libero_10_4,7,eval_episode_7.mp4,1,Wrong object attention,"The task 'libero_10_4' typically involves picking up the blue mug. However, the robot grasped and lifted the grey mug instead, indicating it attended to the wrong object."
libero_10_4,8,eval_episode_8.mp4,3,Placement precision error,"The robot successfully grasped the grey mug, which is the correct object for the task 'libero_10_4'. However, it placed the mug on the left plate instead of the right plate, indicating a failure in reaching the correct target placement location."
libero_10_4,9,eval_episode_9.mp4,3,Placement precision error,"The robot successfully grasped the blue patterned mug but failed to place it correctly into the target teal/grey mug. Instead, it dropped the blue mug on top of the teal mug, missing the intended placement location."
libero_10_5,3,eval_episode_3.mp4,2,Grasp pose error,"The robot correctly identified and approached the black object, but failed to close its gripper around it or lift it. The object remained on the table in its original position."
libero_10_5,5,eval_episode_5.mp4,2,Grasp pose error,"The robot correctly identified the black book as the target object and attempted to grasp it. However, the grasp failed, and the book remained on the table, preventing the robot from completing the task."
libero_10_5,7,eval_episode_7.mp4,3,Placement precision error,The robot successfully grasped the black binder but failed to place it correctly into the desk organizer. The binder was dropped outside or partially outside the intended compartment.
libero_10_6,7,eval_episode_7.mp4,1,Wrong object attention,"The task 'libero_10_6' typically involves placing the blue mug on the plate. However, the robot first picked up the grey mug and placed it on the plate before attempting to grasp the blue mug, indicating it initially focused on the wrong object."
libero_10_6,8,eval_episode_8.mp4,3,Placement precision error,"The robot successfully grasped the correct object (white mug) and moved it to the target location (the plate). However, it failed to place the mug stably, causing it to fall over on the plate instead of being placed upright."
libero_10_6,9,eval_episode_9.mp4,1,Wrong object attention,"The task 'libero_10_6' typically involves placing the blue mug on the plate. However, the robot grasped and placed the grey mug on the plate instead, indicating it attended to the wrong object."
libero_10_7,0,eval_episode_0.mp4,2,Grasp pose error,"The robot reached for the correct object (the left can) but failed to establish a stable grasp, causing the object to slip from the gripper immediately upon lifting."
libero_10_7,1,eval_episode_1.mp4,5,Other/Unknown,"The robot successfully grasped the target object (blue and orange can). However, the object then disappeared from the scene and was replaced by a different object (blue bottle) before the robot could attempt to place it, indicating an unusual environmental or simulation issue rather than a policy failure."
libero_10_7,2,eval_episode_2.mp4,5,Other/Unknown,"The robot attempted to grasp the blue/green can but failed to pick it up. During the grasp attempt, a new object (blue bottle) unexpectedly appeared on the table where the gripper was, while the original can remained ungrasped."
libero_10_7,3,eval_episode_3.mp4,1,Wrong object attention,"The robot first interacted with the orange/blue can (frame 2). Given that the task failed and the object in the gripper then became a blue bottle (frame 3), it suggests the robot either picked the wrong object initially or mistook the can for the intended blue bottle, which was not present in the initial scene."
libero_10_7,5,eval_episode_5.mp4,1,Wrong object attention,"The task is to place the blue bottle in the basket. The robot first picked up the orange/blue can and placed it in the basket, then proceeded to pick up the brown block, completely ignoring the target blue bottle throughout the episode."
libero_10_7,6,eval_episode_6.mp4,2,Grasp pose error,"The robot attempted to grasp the small brown object but failed to secure it, instead knocking it over as the gripper closed."
libero_10_7,7,eval_episode_7.mp4,2,Grasp pose error,"The robot attempted to grasp the orange and blue can but failed to secure it, causing the can to be knocked over onto its side. The robot then retracted without successfully grasping the object."
libero_10_7,9,eval_episode_9.mp4,2,Grasp pose error,"The robot repeatedly attempts to grasp the orange and blue can (frames 2, 7, 8) but fails to secure it, as the can remains in its original position after each attempt. The appearance of the blue bottle in frame 3 suggests a possible multi-step task or an earlier action, but the primary and repeated failure observed is the inability to grasp the targeted can."
libero_10_8,0,eval_episode_0.mp4,3,Placement precision error,"The robot successfully grasped the moka pot and moved it to the hot plate, but the final placement was imprecise, with the moka pot partially off the edge of the hot plate."
libero_10_8,1,eval_episode_1.mp4,1,Wrong object attention,"The robot successfully grasped and placed one of the moka pots onto the hot plate. Given that the task failed, it is highly probable that the robot selected the incorrect moka pot (the one on the right) instead of the intended target object (likely the one on the left)."
libero_10_8,2,eval_episode_2.mp4,1,Wrong object attention,"The robot attempted to grasp the hot plate, which is the target placement location, instead of one of the coffee pots that should be picked up for the task."
libero_10_8,3,eval_episode_3.mp4,2,Grasp pose error,"The robot attempted to grasp the middle coffee pot but failed to secure it. The gripper closed, but the object remained on the table, indicating an error in the grasp pose or execution."
libero_10_8,4,eval_episode_4.mp4,1,Wrong object attention,"The robot successfully grasped and placed one of the coffee pots onto the hot plate. However, since the episode failed, it is highly probable that the robot selected the incorrect coffee pot (the one on the right) when the task required interacting with the other (left) coffee pot."
libero_10_8,5,eval_episode_5.mp4,1,Wrong object attention,"The robot approached and attempted to interact with the burner, completely ignoring the moka pots which are the objects to be manipulated for the task."
libero_10_8,6,eval_episode_6.mp4,1,Wrong object attention,"The robot attempted to grasp the knob of the hot plate instead of one of the coffee pots, which are the likely objects to be manipulated for a pick-and-place task."
libero_10_8,7,eval_episode_7.mp4,1,Wrong object attention,"The robot attempted to grasp the hot plate, which is the target placement location, instead of one of the moka pots, which are the objects to be manipulated."
libero_10_8,8,eval_episode_8.mp4,1,Wrong object attention,"The robot ignored the coffee makers and instead focused on and grasped the knob of the hot plate, which is likely not the target object for the task."
libero_10_9,1,eval_episode_1.mp4,2,Grasp pose error,"The robot correctly approached the blue-handled mug and attempted to grasp it. However, in the subsequent frame, the mug is gone from the table and the robot is holding a different object (an iron), indicating a failure to successfully grasp the intended target object."
libero_10_9,2,eval_episode_2.mp4,2,Grasp pose error,"The robot reached the correct highlighted mug and attempted to grasp it, but failed to secure the object and moved away without it. Subsequently, the robot closed the microwave door without the mug."
libero_10_9,5,eval_episode_5.mp4,2,Grasp pose error,"The robot reached for the correct, highlighted mug but failed to grasp it properly. Instead of picking it up, the robot's interaction caused the mug to be knocked over."
libero_10_9,6,eval_episode_6.mp4,2,Grasp pose error,"The robot correctly identified and approached the target mug. However, it failed to maintain a secure grasp, dropping the mug immediately after lifting it."
libero_10_9,7,eval_episode_7.mp4,2,Grasp pose error,"The robot correctly identified and reached for the blue mug. However, it failed to establish a successful grasp, as the mug remained on the table when the robot arm lifted."
libero_10_0,0,eval_episode_0.mp4,2,Grasp pose error,"The robot successfully grasped and placed the first object. For the second object, it reached the correct item and appeared to grasp it, but then dropped it immediately upon lifting."
libero_10_0,1,eval_episode_1.mp4,2,Grasp pose error,"The robot attempted to grasp the blue/green can, but the grasp was unsuccessful, causing the can to be dropped immediately and left on the table."
libero_10_0,2,eval_episode_2.mp4,1,Wrong object attention,"The robot successfully grasped and placed the milk carton into the basket. However, since the task failed, it implies the milk carton was the wrong object to interact with for the given task."
libero_10_0,3,eval_episode_3.mp4,1,Wrong object attention,"The task 'libero_10_0' typically involves picking up the blue can. However, the robot instead picked up the tall blue box, indicating it attended to the wrong object."
libero_10_0,4,eval_episode_4.mp4,1,Wrong object attention,"The robot successfully grasped and lifted the blue and white bottle. Since the task failed despite a successful grasp, it is highly probable that the robot attempted to manipulate the incorrect object for the task 'libero_10_0'."
libero_10_0,5,eval_episode_5.mp4,2,Grasp pose error,"The robot successfully grasped the milk carton but dropped it immediately after lifting, failing to maintain the grasp and complete the pick operation."
libero_10_0,6,eval_episode_6.mp4,2,Grasp pose error,"The robot successfully placed the first object into the basket. It then attempted to grasp the second can, but the grasp failed as the can remained on the table after the gripper closed and opened."
libero_10_0,7,eval_episode_7.mp4,3,Placement precision error,"The robot successfully grasped the small blue box but then attempted to place it on top of a can instead of the basket, dropping it en route to the correct target location."
libero_10_0,8,eval_episode_8.mp4,1,Wrong object attention,"The robot picked up and placed a tall milk carton and a blue bottle, neither of which were present in the initial scene. It also failed to pick up one of the original cans, indicating a failure to correctly identify the target objects for the task."
libero_10_0,9,eval_episode_9.mp4,4,Recovery failure,"The robot initially failed to grasp the milk carton. It then proceeded to grasp a blue bottle (implying a recovery or continuation attempt) but failed to place it correctly into the target basket, dropping it outside."
libero_10_1,5,eval_episode_5.mp4,1,Wrong object attention,"The robot successfully grasped and placed an object into the basket. However, since the task is marked as FAILED, it is highly probable that the robot picked the incorrect object (the tall brown milk carton) instead of the intended target object, possibly the blue milk carton visible on the right."
libero_10_1,7,eval_episode_7.mp4,3,Placement precision error,"The robot successfully grasped the milk carton. Since the task failed, the error must have occurred during the subsequent placement phase, such as missing the target location or dropping the object en route to the target."
libero_10_1,8,eval_episode_8.mp4,2,Grasp pose error,"The robot attempted to grasp the tall box but its grasp was imprecise, causing it to also lift the adjacent blue bottle along with the intended object."
libero_10_2,0,eval_episode_0.mp4,1,Wrong object attention,"The robot repeatedly approaches the hot plate, which is the target placement location, instead of grasping the moka pot, which is the object it needs to manipulate. It fails to grasp the moka pot throughout the episode."
libero_10_2,1,eval_episode_1.mp4,2,Grasp pose error,"The robot approached the moka pot, which is the correct object to grasp for this task. However, it failed to close its gripper around the moka pot and instead moved its open gripper over the hot plate, never successfully grasping the intended object."
libero_10_2,3,eval_episode_3.mp4,2,Grasp pose error,"The robot correctly approached the black knob, but its gripper failed to secure a grasp on the object, lifting its arm without the knob."
libero_10_2,5,eval_episode_5.mp4,5,Other/Unknown,"The robot successfully turned on the hot plate, which is likely an initial step for the task (e.g., 'place moka pot on hot plate'). However, it then moved away without attempting to grasp or place any object, failing to progress to the subsequent steps of the task."
libero_10_2,6,eval_episode_6.mp4,2,Grasp pose error,"The robot correctly approached the hot plate and attempted to grasp it by closing its gripper around the knob. However, upon lifting its arm, the hot plate remained on the table, indicating a failure to establish a successful grasp."
libero_10_2,7,eval_episode_7.mp4,1,Wrong object attention,"The task 'libero_10_2' likely involves placing an object on the hot plate. However, the robot moves its gripper directly over the hot plate without first grasping any object, indicating it focused on the wrong object for the initial manipulation step."
libero_10_2,8,eval_episode_8.mp4,1,Wrong object attention,"The robot successfully turned on the hot plate. However, instead of grasping the coffee maker to place it on the hot plate, the robot moved its end-effector towards the frying pan, indicating attention to the wrong object for the next step of the task."
libero_10_3,1,eval_episode_1.mp4,1,Wrong object attention,"The robot successfully grasped and placed the bowl into the drawer. However, assuming the task 'libero_10_3' required interaction with the bottle (also present on the table), the robot failed by attending to and manipulating the wrong object."
libero_10_4,0,eval_episode_0.mp4,1,Wrong object attention,"The robot's gripper was initially positioned above the blue patterned mug, suggesting it was the intended target. However, the robot then proceeded to grasp the grey mug instead, indicating it focused on the wrong object."
libero_10_4,1,eval_episode_1.mp4,3,Placement precision error,"The robot successfully grasped the blue patterned mug, which appears to be the correct object. Since the task failed, and the robot is still holding the object, the failure must occur during the subsequent placement phase, either by missing the target or dropping it en route."
libero_10_4,2,eval_episode_2.mp4,2,Grasp pose error,"The robot approached the blue/teal mug, indicating it was the correct target object. However, it moved its end-effector near the mug and then retracted without attempting to close its gripper or lift the object, failing to grasp it."
libero_10_4,3,eval_episode_3.mp4,1,Wrong object attention,"The robot's initial position in the first frame suggests it was attending to the blue patterned mug, but it then proceeded to grasp a different object, the grey mug on the right, and place it on the left plate."
libero_10_4,4,eval_episode_4.mp4,2,Grasp pose error,"The robot attempted to grasp a mug but failed to secure it, instead interacting with two mugs simultaneously without successfully picking up either. It then lifted its arm empty-handed."
libero_10_4,5,eval_episode_5.mp4,2,Grasp pose error,"The robot attempted to grasp the teal-handled mug but failed to secure it, causing the mug to be dropped immediately after the attempted grasp."
libero_10_4,6,eval_episode_6.mp4,1,Wrong object attention,"The robot was initially positioned above the blue/purple mug, suggesting it was the intended target. However, it proceeded to grasp and place the grey mug instead, indicating it attended to the wrong object."
libero_10_4,7,eval_episode_7.mp4,2,Grasp pose error,"The robot attempted to grasp a mug but due to an incorrect grasp pose, it ended up grasping two mugs simultaneously. It then proceeded to place both mugs on the target plate, indicating the initial grasp was the primary failure."
libero_10_4,8,eval_episode_8.mp4,2,Grasp pose error,"The robot successfully grasped the blue patterned mug, but during the immediate lift, it collided with the adjacent light blue mug, indicating an issue with the grasp pose or the initial lift trajectory not being collision-free."
libero_10_4,9,eval_episode_9.mp4,3,Placement precision error,"The robot successfully grasped the grey mug but then attempted to place it inside the blue mug, which is an incorrect target location for a typical manipulation task. The mug was not successfully placed in any designated spot."
libero_10_5,1,eval_episode_1.mp4,1,Wrong object attention,"The robot successfully picked up the black book and placed it into the organizer. Since the task failed, it is inferred that the robot interacted with the wrong object, as the manipulation itself (grasp and placement) appeared successful."
libero_10_5,4,eval_episode_4.mp4,1,Wrong object attention,"The robot picked up and placed the black book into the organizer, while the mug remained untouched on the table. This indicates the robot focused on and manipulated the incorrect object for the task."
libero_10_6,1,eval_episode_1.mp4,2,Grasp pose error,"The robot successfully identified and approached the correct object (the white mug) but failed to maintain a stable grasp, causing the mug to slip and fall immediately after being lifted."
libero_10_6,2,eval_episode_2.mp4,3,Placement precision error,"The robot successfully grasped the grey mug. However, it placed the mug on the plate, which likely indicates a failure in placing the object at the correct target location or with sufficient precision, assuming the task was not to place it directly on the plate or required a more precise placement."
libero_10_6,8,eval_episode_8.mp4,3,Placement precision error,"The robot successfully placed the blue mug on the plate and then grasped the grey mug. However, it failed to place the grey mug at its intended target location (likely on top of the blue mug or another specific spot), instead moving away with it."
libero_10_7,0,eval_episode_0.mp4,1,Wrong object attention,"The robot first placed a blue bottle (Frame 3), which was not the target object for the task. It then proceeded to attempt grasping the orange can (Frame 8) instead of the blue can, indicating a consistent failure to attend to the correct objects."
libero_10_7,2,eval_episode_2.mp4,2,Grasp pose error,"The robot attempted to grasp two cans simultaneously but only successfully secured one, dropping the other can immediately upon lifting it from the table."
libero_10_7,3,eval_episode_3.mp4,5,Other/Unknown,"The robot successfully grasped an object (the blue/green can) in frame 2, but the object then disappeared from its gripper and was replaced by a different object (a blue bottle) on the table in frame 3. The robot then moved towards the basket with an empty gripper, indicating an environmental anomaly or simulation error rather than a typical manipulation failure."
libero_10_7,4,eval_episode_4.mp4,5,Other/Unknown,"The robot attempted to grasp the brown block but failed to pick it up. Simultaneously, a new object (blue bottle) appeared at the grasp location while the brown block remained, indicating an unusual environmental interaction or simulation anomaly rather than a standard grasp error."
libero_10_8,0,eval_episode_0.mp4,2,Grasp pose error,"The robot correctly identified and reached for the lower coffee pot, but its gripper closed without successfully grasping the object, leaving it on the table."
libero_10_8,1,eval_episode_1.mp4,2,Grasp pose error,"The robot attempted to grasp one of the moka pots, positioning its gripper above the object. However, the gripper closed without successfully securing the moka pot, indicating a failure in the grasp pose."
libero_10_8,2,eval_episode_2.mp4,1,Wrong object attention,"The robot successfully placed one moka pot on the hot plate. However, it then proceeded to pick up the second moka pot, which was either the wrong object for the task's next step (e.g., turning a knob) or an unnecessary action after task completion, indicating a misunderstanding of the task goal."
libero_10_8,3,eval_episode_3.mp4,2,Grasp pose error,"The robot arm approached one of the moka pots, but the gripper closed in the air next to the object, failing to establish a grasp. The robot then retracted with an empty gripper."
libero_10_8,4,eval_episode_4.mp4,3,Placement precision error,"The robot successfully grasped the moka pot and moved it to the hot plate, but failed to place it precisely, leaving it tilted on the surface."
libero_10_8,5,eval_episode_5.mp4,1,Wrong object attention,"The robot's end-effector moves towards the hot plate instead of one of the moka pots, indicating it is attending to the wrong object for manipulation at this stage of the task."
libero_10_8,6,eval_episode_6.mp4,1,Wrong object attention,"The robot attempted to grasp the hot plate, which is a static surface, instead of one of the moka pots. The task likely involves manipulating the moka pots."
libero_10_8,7,eval_episode_7.mp4,3,Placement precision error,"The robot successfully grasped and lifted the moka pot. Since the task failed, the error must have occurred during the subsequent placement of the object or en route to the target location, which is not fully captured in these frames but is implied by a successful grasp followed by task failure."
libero_10_8,8,eval_episode_8.mp4,2,Grasp pose error,"The robot correctly approached the knob on the hot plate, but failed to properly grasp or manipulate it to turn it. The gripper closed around the knob, but the knob's state did not change, indicating a failure in the interaction pose."
libero_10_8,9,eval_episode_9.mp4,3,Placement precision error,"The robot successfully grasped one of the Moka pots (frames 6-7) and is shown holding it in the final frame. Since the task failed, it indicates the robot likely failed to place the object at the intended target location or dropped it later in the placement phase."
libero_10_9,1,eval_episode_1.mp4,3,Placement precision error,"The robot successfully grasped the blue-handled mug. However, it then placed the mug inside the open microwave compartment, which is inferred to be an incorrect target placement location for the task, leading to failure."
libero_10_9,2,eval_episode_2.mp4,2,Grasp pose error,"The robot correctly approached the highlighted mug but failed to grasp it. The gripper closed without securing the mug, which remained in its original position."
libero_10_9,5,eval_episode_5.mp4,2,Grasp pose error,"The robot correctly approached the highlighted mug but failed to grasp it. The gripper closed without securing the mug, which remained on the table."
libero_10_9,6,eval_episode_6.mp4,2,Grasp pose error,"The robot correctly approached the highlighted mug but failed to grasp it, as the gripper remained open and the object was not picked up."
libero_10_9,7,eval_episode_7.mp4,2,Grasp pose error,"The robot reached for the correct object (the blue-handled mug) but failed to grasp it, as the mug remained on the table after the robot's interaction attempt and subsequent retraction."
libero_10_9,8,eval_episode_8.mp4,1,Wrong object attention,"The robot initially approached and attempted to grasp the mug without the blue highlight, which appears to be the incorrect target object. It did not interact with the highlighted mug."
